[
  {
    "userID": 0,
    "userName": "User 0",
    "userAddress": "Address 0",
    "userMobNo": 7242804995,
    "userEmail": "user0@example.com",
    "isAdmin": false
  },
  {
    "userID": 1,
    "userName": "User 1",
    "userAddress": "Address 1",
    "userMobNo": 7084520970,
    "userEmail": "user1@example.com",
    "isAdmin": false
  },
  {
    "userID": 2,
    "userName": "User 2",
    "userAddress": "Address 2",
    "userMobNo": 1851294391,
    "userEmail": "user2@example.com",
    "isAdmin": false
  },
  {
    "userID": 3,
    "userName": "User 3",
    "userAddress": "Address 3",
    "userMobNo": 4971004557,
    "userEmail": "user3@example.com",
    "isAdmin": false
  },
  {
    "userID": 4,
    "userName": "User 4",
    "userAddress": "Address 4",
    "userMobNo": 8736169492,
    "userEmail": "user4@example.com",
    "isAdmin": false
  },
  {
    "userID": 5,
    "userName": "User 5",
    "userAddress": "Address 5",
    "userMobNo": 8028153443,
    "userEmail": "user5@example.com",
    "isAdmin": false
  },
  {
    "userID": 6,
    "userName": "User 6",
    "userAddress": "Address 6",
    "userMobNo": 3598254250,
    "userEmail": "user6@example.com",
    "isAdmin": false
  },
  {
    "userID": 7,
    "userName": "User 7",
    "userAddress": "Address 7",
    "userMobNo": 9477387894,
    "userEmail": "user7@example.com",
    "isAdmin": false
  },
  {
    "userID": 8,
    "userName": "User 8",
    "userAddress": "Address 8",
    "userMobNo": 3057331649,
    "userEmail": "user8@example.com",
    "isAdmin": false
  },
  {
    "userID": 9,
    "userName": "User 9",
    "userAddress": "Address 9",
    "userMobNo": 7411739752,
    "userEmail": "user9@example.com",
    "isAdmin": false
  },
  {
    "userID": 10,
    "userName": "User 10",
    "userAddress": "Address 10",
    "userMobNo": 4163182998,
    "userEmail": "user10@example.com",
    "isAdmin": false
  },
  {
    "userID": 11,
    "userName": "User 11",
    "userAddress": "Address 11",
    "userMobNo": 7547899106,
    "userEmail": "user11@example.com",
    "isAdmin": false
  },
  {
    "userID": 12,
    "userName": "User 12",
    "userAddress": "Address 12",
    "userMobNo": 5770627470,
    "userEmail": "user12@example.com",
    "isAdmin": false
  },
  {
    "userID": 13,
    "userName": "User 13",
    "userAddress": "Address 13",
    "userMobNo": 9344297736,
    "userEmail": "user13@example.com",
    "isAdmin": false
  },
  {
    "userID": 14,
    "userName": "User 14",
    "userAddress": "Address 14",
    "userMobNo": 3271140923,
    "userEmail": "user14@example.com",
    "isAdmin": false
  },
  {
    "userID": 15,
    "userName": "User 15",
    "userAddress": "Address 15",
    "userMobNo": 2488215689,
    "userEmail": "user15@example.com",
    "isAdmin": false
  },
  {
    "userID": 16,
    "userName": "User 16",
    "userAddress": "Address 16",
    "userMobNo": 1951604579,
    "userEmail": "user16@example.com",
    "isAdmin": false
  },
  {
    "userID": 17,
    "userName": "User 17",
    "userAddress": "Address 17",
    "userMobNo": 2974446422,
    "userEmail": "user17@example.com",
    "isAdmin": false
  },
  {
    "userID": 18,
    "userName": "User 18",
    "userAddress": "Address 18",
    "userMobNo": 5588264071,
    "userEmail": "user18@example.com",
    "isAdmin": false
  },
  {
    "userID": 19,
    "userName": "User 19",
    "userAddress": "Address 19",
    "userMobNo": 4421870545,
    "userEmail": "user19@example.com",
    "isAdmin": false
  },
  {
    "userID": 20,
    "userName": "User 20",
    "userAddress": "Address 20",
    "userMobNo": 8867689472,
    "userEmail": "user20@example.com",
    "isAdmin": false
  },
  {
    "userID": 21,
    "userName": "User 21",
    "userAddress": "Address 21",
    "userMobNo": 1802886622,
    "userEmail": "user21@example.com",
    "isAdmin": false
  },
  {
    "userID": 22,
    "userName": "User 22",
    "userAddress": "Address 22",
    "userMobNo": 2970647521,
    "userEmail": "user22@example.com",
    "isAdmin": false
  },
  {
    "userID": 23,
    "userName": "User 23",
    "userAddress": "Address 23",
    "userMobNo": 9969885681,
    "userEmail": "user23@example.com",
    "isAdmin": false
  },
  {
    "userID": 24,
    "userName": "User 24",
    "userAddress": "Address 24",
    "userMobNo": 4016835150,
    "userEmail": "user24@example.com",
    "isAdmin": false
  },
  {
    "userID": 25,
    "userName": "User 25",
    "userAddress": "Address 25",
    "userMobNo": 9408689974,
    "userEmail": "user25@example.com",
    "isAdmin": false
  },
  {
    "userID": 26,
    "userName": "User 26",
    "userAddress": "Address 26",
    "userMobNo": 6232983351,
    "userEmail": "user26@example.com",
    "isAdmin": false
  },
  {
    "userID": 27,
    "userName": "User 27",
    "userAddress": "Address 27",
    "userMobNo": 3131295303,
    "userEmail": "user27@example.com",
    "isAdmin": false
  },
  {
    "userID": 28,
    "userName": "User 28",
    "userAddress": "Address 28",
    "userMobNo": 3588957533,
    "userEmail": "user28@example.com",
    "isAdmin": false
  },
  {
    "userID": 29,
    "userName": "User 29",
    "userAddress": "Address 29",
    "userMobNo": 5100796939,
    "userEmail": "user29@example.com",
    "isAdmin": false
  },
  {
    "userID": 30,
    "userName": "User 30",
    "userAddress": "Address 30",
    "userMobNo": 7235272826,
    "userEmail": "user30@example.com",
    "isAdmin": false
  },
  {
    "userID": 31,
    "userName": "User 31",
    "userAddress": "Address 31",
    "userMobNo": 8381457217,
    "userEmail": "user31@example.com",
    "isAdmin": false
  },
  {
    "userID": 32,
    "userName": "User 32",
    "userAddress": "Address 32",
    "userMobNo": 8638579796,
    "userEmail": "user32@example.com",
    "isAdmin": false
  },
  {
    "userID": 33,
    "userName": "User 33",
    "userAddress": "Address 33",
    "userMobNo": 6029580420,
    "userEmail": "user33@example.com",
    "isAdmin": false
  },
  {
    "userID": 34,
    "userName": "User 34",
    "userAddress": "Address 34",
    "userMobNo": 6058145196,
    "userEmail": "user34@example.com",
    "isAdmin": false
  },
  {
    "userID": 35,
    "userName": "User 35",
    "userAddress": "Address 35",
    "userMobNo": 6902411987,
    "userEmail": "user35@example.com",
    "isAdmin": false
  },
  {
    "userID": 36,
    "userName": "User 36",
    "userAddress": "Address 36",
    "userMobNo": 8339998254,
    "userEmail": "user36@example.com",
    "isAdmin": false
  },
  {
    "userID": 37,
    "userName": "User 37",
    "userAddress": "Address 37",
    "userMobNo": 9903435039,
    "userEmail": "user37@example.com",
    "isAdmin": false
  },
  {
    "userID": 38,
    "userName": "User 38",
    "userAddress": "Address 38",
    "userMobNo": 1470860941,
    "userEmail": "user38@example.com",
    "isAdmin": false
  },
  {
    "userID": 39,
    "userName": "User 39",
    "userAddress": "Address 39",
    "userMobNo": 3764042584,
    "userEmail": "user39@example.com",
    "isAdmin": false
  },
  {
    "userID": 40,
    "userName": "User 40",
    "userAddress": "Address 40",
    "userMobNo": 7849125676,
    "userEmail": "user40@example.com",
    "isAdmin": false
  },
  {
    "userID": 41,
    "userName": "User 41",
    "userAddress": "Address 41",
    "userMobNo": 4810942811,
    "userEmail": "user41@example.com",
    "isAdmin": false
  },
  {
    "userID": 42,
    "userName": "User 42",
    "userAddress": "Address 42",
    "userMobNo": 4290452280,
    "userEmail": "user42@example.com",
    "isAdmin": false
  },
  {
    "userID": 43,
    "userName": "User 43",
    "userAddress": "Address 43",
    "userMobNo": 9200654594,
    "userEmail": "user43@example.com",
    "isAdmin": false
  },
  {
    "userID": 44,
    "userName": "User 44",
    "userAddress": "Address 44",
    "userMobNo": 2927489158,
    "userEmail": "user44@example.com",
    "isAdmin": false
  },
  {
    "userID": 45,
    "userName": "User 45",
    "userAddress": "Address 45",
    "userMobNo": 5504272762,
    "userEmail": "user45@example.com",
    "isAdmin": false
  },
  {
    "userID": 46,
    "userName": "User 46",
    "userAddress": "Address 46",
    "userMobNo": 2839812910,
    "userEmail": "user46@example.com",
    "isAdmin": false
  },
  {
    "userID": 47,
    "userName": "User 47",
    "userAddress": "Address 47",
    "userMobNo": 7129458966,
    "userEmail": "user47@example.com",
    "isAdmin": false
  },
  {
    "userID": 48,
    "userName": "User 48",
    "userAddress": "Address 48",
    "userMobNo": 1157899508,
    "userEmail": "user48@example.com",
    "isAdmin": false
  },
  {
    "userID": 49,
    "userName": "User 49",
    "userAddress": "Address 49",
    "userMobNo": 7359977602,
    "userEmail": "user49@example.com",
    "isAdmin": false
  },
  {
    "userID": 50,
    "userName": "User 50",
    "userAddress": "Address 50",
    "userMobNo": 2425364053,
    "userEmail": "user50@example.com",
    "isAdmin": false
  },
  {
    "userID": 51,
    "userName": "User 51",
    "userAddress": "Address 51",
    "userMobNo": 6448064081,
    "userEmail": "user51@example.com",
    "isAdmin": false
  },
  {
    "userID": 52,
    "userName": "User 52",
    "userAddress": "Address 52",
    "userMobNo": 2591112829,
    "userEmail": "user52@example.com",
    "isAdmin": false
  },
  {
    "userID": 53,
    "userName": "User 53",
    "userAddress": "Address 53",
    "userMobNo": 5566375949,
    "userEmail": "user53@example.com",
    "isAdmin": false
  },
  {
    "userID": 54,
    "userName": "User 54",
    "userAddress": "Address 54",
    "userMobNo": 5229687096,
    "userEmail": "user54@example.com",
    "isAdmin": false
  },
  {
    "userID": 55,
    "userName": "User 55",
    "userAddress": "Address 55",
    "userMobNo": 3929282597,
    "userEmail": "user55@example.com",
    "isAdmin": false
  },
  {
    "userID": 56,
    "userName": "User 56",
    "userAddress": "Address 56",
    "userMobNo": 4252940419,
    "userEmail": "user56@example.com",
    "isAdmin": false
  },
  {
    "userID": 57,
    "userName": "User 57",
    "userAddress": "Address 57",
    "userMobNo": 3207627642,
    "userEmail": "user57@example.com",
    "isAdmin": false
  },
  {
    "userID": 58,
    "userName": "User 58",
    "userAddress": "Address 58",
    "userMobNo": 4678385763,
    "userEmail": "user58@example.com",
    "isAdmin": false
  },
  {
    "userID": 59,
    "userName": "User 59",
    "userAddress": "Address 59",
    "userMobNo": 3768190749,
    "userEmail": "user59@example.com",
    "isAdmin": false
  },
  {
    "userID": 60,
    "userName": "User 60",
    "userAddress": "Address 60",
    "userMobNo": 2449445529,
    "userEmail": "user60@example.com",
    "isAdmin": false
  },
  {
    "userID": 61,
    "userName": "User 61",
    "userAddress": "Address 61",
    "userMobNo": 8265742943,
    "userEmail": "user61@example.com",
    "isAdmin": false
  },
  {
    "userID": 62,
    "userName": "User 62",
    "userAddress": "Address 62",
    "userMobNo": 5364185881,
    "userEmail": "user62@example.com",
    "isAdmin": false
  },
  {
    "userID": 63,
    "userName": "User 63",
    "userAddress": "Address 63",
    "userMobNo": 4398530257,
    "userEmail": "user63@example.com",
    "isAdmin": false
  },
  {
    "userID": 64,
    "userName": "User 64",
    "userAddress": "Address 64",
    "userMobNo": 6091727010,
    "userEmail": "user64@example.com",
    "isAdmin": false
  },
  {
    "userID": 65,
    "userName": "User 65",
    "userAddress": "Address 65",
    "userMobNo": 9259111065,
    "userEmail": "user65@example.com",
    "isAdmin": false
  },
  {
    "userID": 66,
    "userName": "User 66",
    "userAddress": "Address 66",
    "userMobNo": 1484032004,
    "userEmail": "user66@example.com",
    "isAdmin": false
  },
  {
    "userID": 67,
    "userName": "User 67",
    "userAddress": "Address 67",
    "userMobNo": 4342467233,
    "userEmail": "user67@example.com",
    "isAdmin": false
  },
  {
    "userID": 68,
    "userName": "User 68",
    "userAddress": "Address 68",
    "userMobNo": 5526070569,
    "userEmail": "user68@example.com",
    "isAdmin": false
  },
  {
    "userID": 69,
    "userName": "User 69",
    "userAddress": "Address 69",
    "userMobNo": 2942469559,
    "userEmail": "user69@example.com",
    "isAdmin": false
  },
  {
    "userID": 70,
    "userName": "User 70",
    "userAddress": "Address 70",
    "userMobNo": 1428748781,
    "userEmail": "user70@example.com",
    "isAdmin": false
  },
  {
    "userID": 71,
    "userName": "User 71",
    "userAddress": "Address 71",
    "userMobNo": 4977896215,
    "userEmail": "user71@example.com",
    "isAdmin": false
  },
  {
    "userID": 72,
    "userName": "User 72",
    "userAddress": "Address 72",
    "userMobNo": 5372923968,
    "userEmail": "user72@example.com",
    "isAdmin": false
  },
  {
    "userID": 73,
    "userName": "User 73",
    "userAddress": "Address 73",
    "userMobNo": 7821741059,
    "userEmail": "user73@example.com",
    "isAdmin": false
  },
  {
    "userID": 74,
    "userName": "User 74",
    "userAddress": "Address 74",
    "userMobNo": 8484513553,
    "userEmail": "user74@example.com",
    "isAdmin": false
  },
  {
    "userID": 75,
    "userName": "User 75",
    "userAddress": "Address 75",
    "userMobNo": 8458565791,
    "userEmail": "user75@example.com",
    "isAdmin": false
  },
  {
    "userID": 76,
    "userName": "User 76",
    "userAddress": "Address 76",
    "userMobNo": 6295354431,
    "userEmail": "user76@example.com",
    "isAdmin": false
  },
  {
    "userID": 77,
    "userName": "User 77",
    "userAddress": "Address 77",
    "userMobNo": 9758279185,
    "userEmail": "user77@example.com",
    "isAdmin": false
  },
  {
    "userID": 78,
    "userName": "User 78",
    "userAddress": "Address 78",
    "userMobNo": 1961148700,
    "userEmail": "user78@example.com",
    "isAdmin": false
  },
  {
    "userID": 79,
    "userName": "User 79",
    "userAddress": "Address 79",
    "userMobNo": 7549662523,
    "userEmail": "user79@example.com",
    "isAdmin": false
  },
  {
    "userID": 80,
    "userName": "User 80",
    "userAddress": "Address 80",
    "userMobNo": 5696534462,
    "userEmail": "user80@example.com",
    "isAdmin": false
  },
  {
    "userID": 81,
    "userName": "User 81",
    "userAddress": "Address 81",
    "userMobNo": 9536803083,
    "userEmail": "user81@example.com",
    "isAdmin": false
  },
  {
    "userID": 82,
    "userName": "User 82",
    "userAddress": "Address 82",
    "userMobNo": 5804442799,
    "userEmail": "user82@example.com",
    "isAdmin": false
  },
  {
    "userID": 83,
    "userName": "User 83",
    "userAddress": "Address 83",
    "userMobNo": 5739302313,
    "userEmail": "user83@example.com",
    "isAdmin": false
  },
  {
    "userID": 84,
    "userName": "User 84",
    "userAddress": "Address 84",
    "userMobNo": 4268842930,
    "userEmail": "user84@example.com",
    "isAdmin": false
  },
  {
    "userID": 85,
    "userName": "User 85",
    "userAddress": "Address 85",
    "userMobNo": 5306205467,
    "userEmail": "user85@example.com",
    "isAdmin": false
  },
  {
    "userID": 86,
    "userName": "User 86",
    "userAddress": "Address 86",
    "userMobNo": 2639515130,
    "userEmail": "user86@example.com",
    "isAdmin": false
  },
  {
    "userID": 87,
    "userName": "User 87",
    "userAddress": "Address 87",
    "userMobNo": 4214024971,
    "userEmail": "user87@example.com",
    "isAdmin": false
  },
  {
    "userID": 88,
    "userName": "User 88",
    "userAddress": "Address 88",
    "userMobNo": 2840261483,
    "userEmail": "user88@example.com",
    "isAdmin": false
  },
  {
    "userID": 89,
    "userName": "User 89",
    "userAddress": "Address 89",
    "userMobNo": 2835331520,
    "userEmail": "user89@example.com",
    "isAdmin": false
  },
  {
    "userID": 90,
    "userName": "User 90",
    "userAddress": "Address 90",
    "userMobNo": 2001474738,
    "userEmail": "user90@example.com",
    "isAdmin": false
  },
  {
    "userID": 91,
    "userName": "User 91",
    "userAddress": "Address 91",
    "userMobNo": 3276651652,
    "userEmail": "user91@example.com",
    "isAdmin": false
  },
  {
    "userID": 92,
    "userName": "User 92",
    "userAddress": "Address 92",
    "userMobNo": 5100975382,
    "userEmail": "user92@example.com",
    "isAdmin": false
  },
  {
    "userID": 93,
    "userName": "User 93",
    "userAddress": "Address 93",
    "userMobNo": 1514697575,
    "userEmail": "user93@example.com",
    "isAdmin": false
  },
  {
    "userID": 94,
    "userName": "User 94",
    "userAddress": "Address 94",
    "userMobNo": 1202990981,
    "userEmail": "user94@example.com",
    "isAdmin": false
  },
  {
    "userID": 95,
    "userName": "User 95",
    "userAddress": "Address 95",
    "userMobNo": 1545794646,
    "userEmail": "user95@example.com",
    "isAdmin": false
  },
  {
    "userID": 96,
    "userName": "User 96",
    "userAddress": "Address 96",
    "userMobNo": 5681496654,
    "userEmail": "user96@example.com",
    "isAdmin": false
  },
  {
    "userID": 97,
    "userName": "User 97",
    "userAddress": "Address 97",
    "userMobNo": 8306435474,
    "userEmail": "user97@example.com",
    "isAdmin": false
  },
  {
    "userID": 98,
    "userName": "User 98",
    "userAddress": "Address 98",
    "userMobNo": 9142733463,
    "userEmail": "user98@example.com",
    "isAdmin": false
  },
  {
    "userID": 99,
    "userName": "User 99",
    "userAddress": "Address 99",
    "userMobNo": 3114651125,
    "userEmail": "user99@example.com",
    "isAdmin": false
  }
]